text,label
The coach played using a Olympic field.,sports
Our winning game successfully competed every tournament.,sports
The match celebrated using a professional score.,sports
Our winning field successfully defeated every goalkeeper.,sports
A platform deployed a computational network yesterday.,tech
A database developed a automated database yesterday.,tech
A cloud-based database recently programmed a new platform.,tech
Our distributed chip successfully programmed every computer.,tech
The professional athlete qualified the athlete.,sports
A championship tackled a national championship yesterday.,sports
The innovative code deployed the chip.,tech
The platform debugged using a digital algorithm.,tech
The startup programmed using a artificial chip.,tech
A encrypted algorithm recently optimized a new processor.,tech
A referee tackled a league referee yesterday.,sports
A database deployed a encrypted processor yesterday.,tech
A championship scored a competitive coach yesterday.,sports
The season played using a competitive team.,sports
The referee qualified using a league referee.,sports
The API deployed using a distributed code.,tech
The goalkeeper defeated using a elite game.,sports
Our athletic tournament successfully tackled every tournament.,sports
A distributed chip recently programmed a new algorithm.,tech
The computational computer debugged the algorithm.,tech
Our cloud-based startup successfully engineered every network.,tech
A match qualified a winning season yesterday.,sports
A athlete played a Olympic referee yesterday.,sports
Our computational code successfully developed every startup.,tech
Our artificial server successfully integrated every API.,tech
A score trained a amateur score yesterday.,sports
The innovative server computed the framework.,tech
A algorithm programmed a distributed database yesterday.,tech
Our automated device successfully integrated every startup.,tech
Our computational API successfully computed every startup.,tech
The professional team competed the stadium.,sports
The framework deployed using a scalable processor.,tech
A server programmed a cloud-based startup yesterday.,tech
The digital software debugged the framework.,tech
The competitive tournament won the tournament.,sports
Our encrypted developer successfully engineered every developer.,tech
A distributed computer recently engineered a new code.,tech
Our amateur tournament successfully tackled every game.,sports
A championship played a professional ball yesterday.,sports
A database debugged a automated chip yesterday.,tech
Our computational software successfully integrated every software.,tech
The distributed software computed the database.,tech
Our dominant player successfully tackled every player.,sports
The algorithm deployed using a encrypted software.,tech
The tournament competed using a competitive athlete.,sports
The code launched using a cloud-based device.,tech
Our dominant ball successfully trained every game.,sports
The competitive ball scored the team.,sports
A framework automated a computational framework yesterday.,tech
The cloud-based device automated the code.,tech
A competitive goalkeeper recently scored a new season.,sports
Our Olympic tournament successfully qualified every field.,sports
Our distributed server successfully automated every startup.,tech
A code programmed a digital code yesterday.,tech
A tournament defeated a winning coach yesterday.,sports
A elite game recently competed a new goalkeeper.,sports
A dominant tournament recently won a new referee.,sports
Our winning field successfully lost every team.,sports
A software launched a digital platform yesterday.,tech
Our innovative platform successfully debugged every computer.,tech
The chip computed using a encrypted database.,tech
A national team recently defeated a new goalkeeper.,sports
The elite player trained the championship.,sports
The computer integrated using a computational developer.,tech
The season competed using a professional match.,sports
The athletic team scored the coach.,sports
A national tournament recently scored a new ball.,sports
A framework debugged a computational code yesterday.,tech
A computer deployed a digital network yesterday.,tech
The algorithm integrated using a scalable code.,tech
Our cloud-based software successfully programmed every database.,tech
Our innovative database successfully engineered every device.,tech
The computer computed using a digital server.,tech
A national referee recently won a new athlete.,sports
A cloud-based framework recently integrated a new database.,tech
A player scored a competitive game yesterday.,sports
A dominant championship recently qualified a new championship.,sports
The distributed code automated the network.,tech
Our computational device successfully launched every developer.,tech
A tournament qualified a Olympic tournament yesterday.,sports
The chip integrated using a cloud-based chip.,tech
Our cloud-based database successfully programmed every computer.,tech
The code integrated using a cloud-based algorithm.,tech
A league match recently celebrated a new player.,sports
A national tournament recently defeated a new match.,sports
The ball qualified using a amateur score.,sports
A dominant player recently trained a new championship.,sports
The computer engineered using a distributed database.,tech
Our dominant referee successfully defeated every player.,sports
A season defeated a national stadium yesterday.,sports
The elite team scored the ball.,sports
A platform engineered a digital developer yesterday.,tech
The artificial API integrated the platform.,tech
A professional match recently lost a new goalkeeper.,sports
Our professional stadium successfully scored every field.,sports
A cloud-based algorithm recently computed a new database.,tech
The season competed using a league score.,sports
The computer programmed using a artificial database.,tech
The software integrated using a innovative algorithm.,tech
The league ball competed the ball.,sports
A game defeated a national player yesterday.,sports
A ball trained a Olympic tournament yesterday.,sports
Our artificial platform successfully integrated every device.,tech
A amateur stadium recently competed a new athlete.,sports
A stadium trained a dominant game yesterday.,sports
The goalkeeper defeated using a competitive tournament.,sports
A innovative API recently computed a new server.,tech
A scalable API recently deployed a new device.,tech
A Olympic field recently played a new ball.,sports
The open-source platform automated the chip.,tech
A referee played a elite coach yesterday.,sports
A cloud-based database recently integrated a new computer.,tech
A stadium won a elite ball yesterday.,sports
A framework deployed a encrypted processor yesterday.,tech
Our cloud-based API successfully computed every code.,tech
Our distributed software successfully deployed every startup.,tech
A athletic score recently won a new athlete.,sports
The referee played using a league referee.,sports
The goalkeeper won using a athletic team.,sports
The amateur referee scored the championship.,sports
A league team recently lost a new field.,sports
A dominant goalkeeper recently scored a new field.,sports
The tournament competed using a elite stadium.,sports
A player won a elite team yesterday.,sports
Our open-source framework successfully automated every algorithm.,tech
A chip optimized a encrypted processor yesterday.,tech
