endpoint,latency_ms,status
/api/health,9.268,200
/api/health,12.332,200
/api/health,10.454,200
/api/products,68.763,200
/api/users,73.447,200
/api/health,11.774,200
/api/health,9.034,200
/api/health,9.141,200
/api/users,72.875,200
/api/users,72.336,200
/api/products,48.567,200
/api/users,74.252,200
/api/orders,240.706,200
/api/products,53.692,200
/api/health,9.575,200
/api/users,60.822,200
/api/products,77.792,200
/api/users,66.904,200
/api/health,11.176,200
/api/products,55.929,200
/api/orders,56.226,200
/api/products,65.357,200
/api/health,8.101,200
/api/search,125.387,200
/api/search,111.047,200
/api/health,9.337,200
/api/users,77.93,200
/api/users,64.41,200
/api/health,10.127,200
/api/products,94.965,200
/api/health,9.599,200
/api/users,98.711,200
/api/products,70.366,200
/api/search,144.487,200
/api/health,9.692,200
/api/users,66.021,200
/api/health,10.974,200
/api/products,66.529,200
/api/users,88.695,200
/api/products,29.526,200
/api/search,129.766,200
/api/orders,72.619,200
/api/products,41.139,200
/api/checkout,216.32,200
/api/search,181.319,200
/api/orders,197.02,200
/api/health,6.889,200
/api/products,46.859,200
/api/products,18.907,200
/api/health,11.357,200
/api/products,83.79,200
/api/search,110.835,200
/api/users,76.187,200
/api/products,70.598,200
/api/health,10.889,200
/api/products,43.126,200
/api/orders,172.048,200
/api/orders,125.098,200
/api/users,86.831,200
/api/users,72.477,200
/api/orders,70.101,200
/api/products,73.335,200
/api/checkout,5374.584,200
/api/search,134.98,200
/api/orders,140.534,200
/api/checkout,5811.003,200
/api/products,70.315,200
/api/products,60.162,200
/api/health,13.438,404
/api/products,71.095,200
/api/users,50.584,200
/api/users,68.893,500
/api/products,57.482,200
/api/products,48.389,200
/api/search,95.285,200
/api/products,75.905,200
/api/users,86.56,200
/api/health,5.97,200
/api/health,10.235,200
/api/checkout,112.047,200
/api/users,59.189,200
/api/products,62.558,200
/api/products,41.118,200
/api/search,139.661,200
/api/health,11.448,200
/api/health,15.677,200
/api/products,59.588,200
/api/products,84.64,200
/api/products,61.755,200
/api/health,5.07,200
/api/products,73.791,200
/api/users,84.046,200
/api/checkout,5208.205,200
/api/search,139.845,200
/api/search,110.447,200
/api/products,64.022,200
/api/orders,99.504,200
/api/products,52.693,200
/api/products,64.309,500
/api/health,17.343,200
/api/search,99.846,200
/api/users,101.369,200
/api/users,54.441,200
/api/products,50.849,200
/api/orders,95.08,200
/api/search,187.367,200
/api/products,60.777,200
/api/checkout,121.06,200
/api/orders,135.381,200
/api/products,86.651,200
/api/products,52.295,200
/api/search,60.426,200
/api/users,90.484,200
/api/health,6.363,200
/api/search,117.337,500
/api/products,66.029,200
/api/search,128.605,200
/api/users,88.575,200
/api/users,75.094,200
/api/orders,163.135,200
/api/users,87.238,200
/api/products,86.734,200
/api/checkout,230.503,200
/api/products,50.789,200
/api/users,96.56,200
/api/orders,148.297,200
/api/products,67.516,200
/api/users,82.334,200
/api/health,9.798,200
/api/orders,191.151,200
/api/users,138.277,200
/api/products,57.457,404
/api/health,6.748,200
/api/health,10.067,200
/api/health,13.394,200
/api/health,15.886,200
/api/health,7.042,200
/api/users,74.302,200
/api/health,8.59,200
/api/orders,128.467,200
/api/search,105.853,200
/api/search,154.997,200
/api/checkout,187.929,200
/api/health,3.628,200
/api/products,42.167,200
/api/health,14.458,200
/api/orders,140.903,200
/api/health,9.06,200
/api/health,6.361,200
/api/health,12.29,200
/api/search,86.722,200
/api/health,10.965,200
/api/checkout,224.215,200
/api/users,131.953,200
/api/products,61.78,200
/api/users,50.857,200
/api/users,62.463,200
/api/health,11.662,200
/api/users,92.626,200
/api/health,10.037,200
/api/users,91.724,200
/api/search,75.917,200
/api/users,57.859,200
/api/users,87.668,200
/api/health,10.543,200
/api/products,52.616,200
/api/products,49.17,200
/api/users,69.411,200
/api/checkout,194.227,200
/api/users,59.53,200
/api/health,5.475,200
/api/users,116.413,200
/api/products,69.217,200
/api/users,44.866,200
/api/users,54.486,200
/api/products,58.3,200
/api/orders,79.607,500
/api/products,57.879,200
/api/checkout,7267.28,200
/api/users,65.569,200
/api/users,77.627,200
/api/health,9.847,200
/api/products,61.052,200
/api/search,122.382,200
/api/products,50.052,200
/api/users,83.051,500
/api/products,50.688,200
/api/search,99.925,200
/api/health,11.113,200
/api/health,11.513,200
/api/products,80.585,500
/api/search,64.339,200
/api/users,63.087,200
/api/orders,229.901,200
/api/health,8.198,200
/api/health,15.29,200
/api/health,9.286,200
/api/products,75.13,200
/api/health,11.961,200
/api/orders,155.145,200
/api/users,76.91,200
/api/health,12.103,200
/api/products,52.164,200
/api/health,7.062,200
/api/users,50.356,200
/api/users,68.178,200
/api/checkout,173.259,200
/api/products,71.293,200
/api/orders,190.997,200
/api/checkout,147.157,200
/api/users,103.425,200
/api/search,153.104,200
/api/users,71.455,200
/api/health,10.092,200
/api/products,40.808,200
/api/products,50.955,200
/api/users,63.741,200
/api/users,92.879,200
/api/users,77.378,200
/api/users,84.374,200
/api/search,126.371,200
/api/health,7.441,200
/api/checkout,75.066,200
/api/search,156.076,200
/api/search,79.7,200
/api/health,7.946,200
/api/health,9.868,200
/api/products,59.983,200
/api/users,46.506,200
/api/search,124.383,200
/api/health,9.438,200
/api/products,68.329,200
/api/health,8.402,200
/api/products,39.359,200
/api/orders,126.92,200
/api/search,65.918,500
/api/users,86.094,200
/api/health,11.104,200
/api/health,10.267,200
/api/health,8.366,200
/api/orders,161.877,200
/api/products,36.783,200
/api/products,74.938,200
/api/health,9.811,200
/api/orders,131.945,200
/api/orders,154.583,200
/api/health,13.611,200
/api/products,51.993,200
/api/products,56.771,200
/api/health,9.8,200
/api/users,53.472,200
/api/users,69.755,200
/api/products,61.344,200
/api/health,6.824,200
/api/users,89.35,200
/api/users,78.406,200
/api/health,8.384,200
/api/health,11.061,200
/api/users,83.141,200
/api/users,114.646,200
/api/orders,101.331,200
/api/health,11.864,200
/api/health,8.969,200
/api/checkout,258.44,200
/api/health,11.366,200
/api/orders,155.405,200
/api/users,50.389,200
/api/products,64.77,200
/api/checkout,234.704,200
/api/search,148.093,200
/api/products,56.587,200
/api/orders,105.995,200
/api/products,64.152,200
/api/health,13.027,404
/api/orders,111.623,200
/api/search,166.532,200
/api/search,155.786,200
/api/health,10.198,200
/api/users,52.637,200
/api/products,53.958,200
/api/products,58.654,200
/api/health,15.441,200
/api/health,6.744,200
/api/users,33.328,200
/api/products,56.137,200
/api/products,31.293,200
/api/products,89.492,200
/api/products,47.672,200
/api/users,58.064,200
/api/orders,158.959,200
/api/products,46.365,200
/api/search,79.825,404
/api/products,35.868,200
/api/orders,112.789,200
/api/health,15.283,200
/api/products,68.062,200
/api/products,70.236,200
/api/health,11.286,404
/api/products,61.131,200
/api/users,88.558,200
/api/health,8.128,200
/api/products,49.837,200
/api/search,46.975,200
/api/orders,200.582,200
/api/health,12.42,200
/api/health,12.15,200
/api/search,97.281,200
/api/health,8.861,200
/api/checkout,239.977,200
/api/users,83.452,200
/api/orders,104.127,200
/api/users,92.751,200
/api/health,10.35,200
/api/health,11.797,404
/api/checkout,96.462,200
/api/products,74.935,200
/api/health,9.69,200
/api/checkout,205.191,200
/api/products,61.537,200
/api/search,151.157,200
/api/health,10.512,200
/api/search,145.932,200
/api/health,7.164,200
/api/search,88.95,200
/api/health,7.506,200
/api/search,102.936,200
/api/checkout,172.284,200
/api/health,10.016,200
/api/health,15.227,200
/api/orders,208.494,200
/api/orders,245.478,200
/api/health,9.368,404
/api/health,11.418,200
/api/health,14.874,200
/api/users,83.109,200
/api/health,12.833,200
/api/users,92.867,200
/api/health,12.53,200
/api/users,89.615,200
/api/health,6.844,200
/api/search,95.283,200
/api/products,68.651,200
/api/checkout,4674.475,200
/api/products,76.235,200
/api/orders,134.455,200
/api/users,38.54,200
/api/products,35.288,200
/api/users,106.413,200
/api/health,8.35,200
/api/users,72.957,200
/api/orders,95.267,200
/api/products,71.793,200
/api/health,4.416,200
/api/health,10.607,200
/api/products,58.502,200
/api/products,54.117,200
/api/health,9.832,200
/api/health,1.043,200
/api/users,76.592,200
/api/health,11.946,200
/api/health,7.463,200
/api/search,127.385,200
/api/users,70.753,200
/api/search,166.973,200
/api/orders,165.82,200
/api/orders,126.762,200
/api/users,71.872,200
/api/orders,158.145,500
/api/products,54.988,500
/api/health,11.382,200
/api/products,65.836,200
/api/search,109.426,200
/api/products,37.717,200
/api/users,62.683,200
/api/search,126.154,200
/api/users,88.278,200
/api/health,12.604,404
/api/products,46.538,404
/api/users,98.631,200
/api/users,96.702,200
/api/health,10.87,200
/api/health,12.537,200
/api/users,71.858,200
/api/products,55.799,200
/api/orders,197.585,200
/api/products,42.574,200
/api/orders,163.829,200
/api/checkout,236.879,200
/api/health,13.664,200
/api/health,9.267,200
/api/products,63.163,200
/api/health,11.674,200
/api/products,61.787,200
/api/search,125.644,200
/api/products,31.354,200
/api/health,8.79,200
/api/checkout,179.097,200
/api/users,111.582,200
/api/users,40.139,200
/api/orders,189.541,200
/api/health,16.166,200
/api/products,77.112,200
/api/search,150.286,200
/api/health,7.397,200
/api/checkout,218.491,200
/api/products,36.889,200
/api/users,89.136,200
/api/health,10.952,200
/api/products,31.267,200
/api/health,9.273,200
/api/health,13.824,200
/api/health,2.95,200
/api/search,119.617,200
/api/users,77.377,200
/api/search,141.942,200
/api/health,7.951,200
/api/users,43.382,200
/api/products,59.153,200
/api/health,10.739,200
/api/users,80.229,200
/api/users,96.411,200
/api/search,123.738,200
/api/products,81.152,200
/api/checkout,205.742,200
/api/checkout,128.748,200
/api/search,89.111,200
/api/health,11.277,200
/api/checkout,210.092,200
/api/health,10.197,200
/api/orders,64.612,500
/api/checkout,307.097,200
/api/health,11.18,200
/api/users,60.209,200
/api/products,71.698,200
/api/health,12.804,200
/api/health,8.937,200
/api/health,9.635,200
/api/health,10.499,200
/api/health,9.109,200
/api/orders,193.155,200
/api/health,13.527,200
/api/products,64.632,200
/api/products,70.028,200
/api/checkout,126.184,500
/api/health,9.016,200
/api/orders,155.294,200
/api/health,10.586,200
/api/health,8.438,200
/api/products,60.165,200
/api/users,101.784,200
/api/users,83.2,200
/api/products,53.496,200
/api/health,13.686,200
/api/products,31.533,200
/api/checkout,167.221,200
/api/health,11.216,200
/api/products,49.515,200
/api/health,10.516,200
/api/health,12.292,200
/api/users,102.126,200
/api/products,73.956,200
/api/health,10.511,200
/api/search,103.044,200
/api/search,126.973,200
/api/health,10.658,200
/api/health,13.914,200
/api/products,61.707,200
/api/health,9.351,200
/api/products,76.846,200
/api/search,114.432,200
/api/products,35.877,200
/api/users,89.188,500
/api/products,41.269,200
/api/products,55.649,200
/api/users,80.127,200
/api/users,66.914,200
/api/users,122.569,200
/api/health,11.066,200
/api/health,12.313,200
/api/search,60.971,200
/api/search,120.892,200
/api/health,12.251,200
/api/products,48.238,200
/api/health,10.746,200
/api/orders,200.915,200
/api/products,77.539,200
/api/products,72.858,200
/api/products,89.583,200
/api/products,33.399,200
/api/products,45.543,200
/api/users,122.833,200
/api/products,87.393,200
/api/orders,179.969,200
/api/products,58.696,200
/api/products,79.014,200
/api/users,55.488,200
/api/health,1.684,200
/api/users,85.92,200
/api/users,94.615,200
/api/products,77.139,200
/api/products,43.709,200
/api/users,85.255,200
/api/orders,120.817,200
/api/products,67.204,200
/api/search,109.2,200
/api/health,11.158,200
/api/health,13.38,200
/api/search,116.443,200
/api/products,72.292,200
/api/search,128.935,200
/api/products,82.568,200
/api/health,7.68,200
/api/orders,143.046,200
/api/users,89.943,200
/api/users,93.578,200
/api/health,6.388,200
/api/orders,172.008,200
/api/health,9.175,200
/api/health,12.876,200
/api/products,71.693,500
/api/products,51.87,200
/api/orders,170.263,200
/api/health,8.992,200
/api/checkout,197.135,200
/api/health,13.411,200
/api/health,11.162,200
/api/health,2.564,200
/api/health,8.672,200
/api/search,107.686,200
/api/health,13.056,200
/api/health,9.525,200
/api/health,8.075,200
/api/products,41.557,200
/api/health,8.262,200
/api/health,12.339,200
/api/health,12.183,200
/api/health,7.578,200
/api/products,55.581,200
/api/products,50.164,200
/api/health,9.208,200
/api/checkout,197.407,200
/api/health,8.772,200
/api/checkout,104.243,200
/api/products,80.756,200
/api/checkout,169.22,200
/api/products,40.597,200
/api/health,10.037,200
/api/search,124.48,200
/api/products,70.695,200
/api/search,120.672,200
/api/users,96.806,200
/api/health,12.886,200
/api/health,5.478,200
/api/users,99.792,200
/api/health,11.841,200
/api/search,110.903,200
/api/products,62.783,200
/api/search,84.459,200
/api/health,15.249,200
/api/health,7.754,200
/api/products,71.246,200
/api/products,72.886,200
/api/orders,93.601,200
/api/health,11.984,200
/api/products,46.42,200
/api/products,77.673,200
/api/health,9.632,200
/api/products,54.514,200
/api/orders,144.168,200
/api/users,74.497,200
/api/health,11.873,200
/api/checkout,210.489,200
/api/health,12.602,200
/api/orders,121.877,200
/api/users,102.12,200
/api/health,11.497,200
/api/health,16.603,200
/api/orders,121.405,500
/api/checkout,134.065,200
/api/orders,117.337,200
/api/products,80.666,200
/api/health,10.084,200
/api/search,84.206,200
/api/health,8.06,200
/api/users,76.174,200
/api/search,95.791,200
/api/checkout,5429.953,200
/api/users,69.322,200
/api/health,13.434,200
/api/health,11.83,200
/api/users,62.437,200
/api/products,39.626,200
/api/orders,78.77,200
/api/users,88.78,200
/api/users,104.117,200
/api/products,63.02,200
/api/search,71.006,200
/api/products,52.245,200
/api/users,84.755,200
/api/search,92.462,200
/api/products,76.65,200
/api/orders,193.381,200
/api/checkout,210.976,200
/api/health,10.413,200
/api/users,74.313,200
/api/health,13.029,200
/api/checkout,173.152,200
/api/orders,155.064,200
/api/health,6.246,200
/api/orders,128.829,200
/api/products,61.708,200
/api/checkout,371.448,200
/api/orders,119.014,200
/api/products,66.81,200
/api/products,83.639,200
/api/users,87.668,200
/api/users,59.688,200
/api/products,63.33,200
/api/health,9.138,200
/api/health,7.132,200
/api/health,14.785,200
/api/users,65.128,200
/api/health,8.841,200
/api/users,88.616,200
/api/health,12.712,200
/api/users,104.451,500
/api/search,117.115,200
/api/health,13.844,200
/api/search,48.371,200
/api/users,81.843,200
/api/products,50.327,200
/api/users,86.278,200
/api/users,84.643,200
/api/users,80.25,200
/api/products,68.339,200
/api/search,143.023,200
/api/products,63.013,200
/api/orders,159.478,200
/api/users,98.549,200
/api/checkout,204.078,200
/api/orders,108.984,200
/api/products,68.405,200
/api/search,96.874,200
/api/health,14.338,200
/api/orders,82.707,200
/api/products,51.24,200
/api/health,12.009,200
/api/search,182.508,200
/api/search,117.114,200
/api/health,7.874,200
/api/health,8.313,200
/api/search,128.81,200
/api/products,28.077,200
/api/health,12.767,200
/api/health,7.074,200
/api/orders,162.961,200
/api/orders,127.374,200
/api/health,11.481,200
/api/health,10.513,200
/api/health,15.995,200
/api/products,51.484,200
/api/health,6.368,200
/api/health,13.617,200
/api/users,84.85,200
/api/orders,133.021,200
/api/health,9.441,200
/api/health,5.72,200
/api/orders,128.863,200
/api/search,70.098,200
/api/health,11.421,200
/api/checkout,65.558,500
/api/search,187.138,404
/api/products,48.825,200
/api/products,32.68,200
/api/health,10.102,200
/api/orders,152.881,200
/api/health,13.861,200
/api/users,78.054,200
/api/orders,203.006,200
/api/orders,163.212,200
/api/checkout,210.82,500
/api/orders,221.932,200
/api/health,7.816,200
/api/users,87.367,200
/api/products,71.036,200
/api/health,11.342,200
/api/health,9.56,200
/api/orders,155.838,200
/api/health,6.761,200
/api/products,74.933,200
/api/health,11.651,200
/api/products,45.63,200
/api/products,50.031,200
/api/products,56.676,200
/api/products,88.867,200
/api/users,76.867,200
/api/health,10.062,200
/api/health,11.233,200
/api/products,63.46,500
/api/health,7.697,200
/api/products,42.036,200
/api/products,65.585,200
/api/checkout,188.72,200
/api/search,126.76,200
/api/health,10.626,200
/api/health,6.516,200
/api/users,66.081,200
/api/users,63.555,200
/api/health,8.14,200
/api/health,8.403,200
/api/search,103.138,200
/api/health,7.566,200
/api/search,90.693,200
/api/users,96.932,200
/api/health,9.771,200
/api/health,14.027,404
/api/health,11.399,200
/api/users,101.706,200
/api/search,105.889,200
/api/health,5.652,200
/api/users,40.184,200
/api/health,8.339,200
/api/users,98.318,200
/api/products,72.073,200
/api/products,51.974,200
/api/orders,116.769,200
/api/users,117.537,200
/api/users,109.629,200
/api/orders,142.418,200
/api/users,64.739,200
/api/health,10.695,200
/api/health,9.621,200
/api/health,9.207,200
/api/products,67.278,200
/api/health,9.482,200
/api/users,96.59,200
/api/health,5.852,200
/api/products,68.83,200
/api/health,9.814,200
/api/products,84.24,200
/api/products,97.409,200
/api/search,154.857,200
/api/checkout,179.074,200
/api/users,73.675,200
/api/products,65.872,200
/api/products,49.776,200
/api/health,13.485,200
/api/users,83.956,200
/api/products,61.782,200
/api/search,131.575,200
/api/health,5.017,200
/api/products,47.07,200
/api/users,76.731,404
/api/products,33.653,200
/api/checkout,318.872,500
/api/users,89.088,200
/api/users,68.186,200
/api/products,71.855,200
/api/health,7.587,200
/api/users,53.546,200
/api/products,52.102,200
/api/health,7.427,200
/api/products,42.174,200
/api/products,50.931,200
/api/products,54.534,200
/api/products,60.08,200
/api/search,106.511,200
/api/health,8.962,200
/api/checkout,215.147,200
/api/health,10.398,200
/api/users,61.328,200
/api/health,7.924,200
/api/products,56.335,200
/api/products,63.172,200
/api/health,13.396,200
/api/health,9.487,200
/api/products,80.351,200
/api/products,81.17,200
/api/health,1.999,200
/api/orders,153.904,200
/api/users,130.349,200
/api/products,56.791,200
/api/health,9.435,200
/api/search,181.62,200
/api/search,180.462,200
/api/search,170.203,200
/api/search,165.096,200
/api/products,45.206,200
/api/products,53.258,200
/api/health,11.179,200
/api/health,12.156,200
/api/products,54.681,200
/api/health,12.422,200
/api/health,11.867,200
/api/health,14.083,404
/api/products,81.706,200
/api/health,7.999,200
/api/users,57.652,200
/api/products,44.139,200
/api/products,48.249,200
/api/search,134.389,200
/api/health,10.845,200
/api/products,74.71,200
/api/health,8.913,200
/api/health,12.345,200
/api/products,54.007,200
/api/users,80.613,200
/api/users,81.321,200
/api/search,86.917,200
/api/users,68.112,200
/api/health,10.859,200
/api/health,10.736,200
/api/products,44.875,200
/api/products,75.72,200
/api/orders,123.492,500
/api/search,113.436,200
/api/checkout,329.208,200
/api/products,38.145,200
/api/health,9.827,200
/api/search,135.537,200
/api/health,8.868,200
/api/orders,125.348,200
/api/orders,195.282,200
/api/orders,61.433,200
/api/health,7.847,200
/api/products,72.386,200
/api/products,75.318,200
/api/health,14.023,200
/api/search,84.349,200
/api/orders,102.741,200
/api/health,14.558,200
/api/products,67.267,200
/api/orders,94.963,200
/api/search,164.895,200
/api/search,114.654,200
/api/products,59.226,200
/api/health,14.598,200
/api/products,99.054,200
/api/products,55.013,200
/api/search,120.276,200
/api/users,107.184,200
/api/checkout,199.779,200
/api/products,32.082,200
/api/users,75.523,200
/api/products,42.602,200
/api/search,91.494,200
/api/users,62.733,200
/api/health,5.143,200
/api/search,127.141,200
/api/orders,189.259,200
/api/health,8.319,200
/api/search,41.826,200
/api/users,52.502,200
/api/search,84.952,200
/api/search,125.43,200
/api/products,75.574,200
/api/health,8.32,200
/api/products,83.487,200
/api/products,59.241,200
/api/health,7.049,200
/api/health,11.025,200
/api/checkout,107.835,200
/api/health,4.064,200
/api/search,150.264,200
/api/health,14.32,200
/api/users,101.525,200
/api/users,48.209,200
/api/health,7.129,200
/api/health,3.391,200
/api/checkout,94.28,200
/api/products,67.302,200
/api/users,106.191,200
/api/search,107.609,200
/api/products,70.149,200
/api/health,10.946,200
/api/health,7.924,200
/api/products,61.241,200
/api/products,34.979,200
/api/checkout,176.7,200
/api/products,63.442,200
/api/users,99.366,200
/api/products,73.579,200
/api/search,140.707,200
/api/products,56.473,200
/api/search,137.185,200
/api/checkout,210.75,200
/api/search,127.912,200
/api/health,4.459,200
/api/products,59.363,404
/api/orders,150.331,200
/api/search,136.685,200
/api/products,55.789,200
/api/orders,142.465,200
/api/products,50.646,200
/api/health,7.462,200
/api/products,72.011,200
/api/health,8.577,200
/api/search,86.953,200
/api/products,47.748,200
/api/health,12.676,200
/api/health,12.962,200
/api/products,70.026,200
/api/checkout,6051.818,200
/api/search,114.758,200
/api/health,2.222,200
/api/products,53.375,200
/api/health,10.51,200
/api/health,14.654,200
/api/health,17.585,200
/api/products,45.986,200
/api/search,121.494,200
/api/users,67.9,200
/api/products,49.732,200
/api/users,76.747,200
/api/health,11.699,200
/api/products,54.439,200
/api/users,45.454,200
/api/health,4.036,200
/api/orders,124.797,500
/api/health,11.562,200
/api/users,63.572,200
/api/users,74.157,500
/api/checkout,185.779,500
/api/users,114.574,200
/api/health,11.086,200
/api/health,9.296,200
/api/health,10.085,200
/api/orders,130.33,404
/api/orders,113.29,200
/api/health,6.728,200
/api/products,76.185,200
/api/products,82.826,200
/api/search,123.298,200
/api/products,53.683,200
/api/health,9.248,200
/api/health,4.481,200
/api/health,14.343,200
/api/products,33.981,200
/api/search,164.615,500
/api/search,73.394,200
/api/health,8.828,200
/api/products,53.464,200
/api/health,6.448,200
/api/health,7.837,200
/api/users,63.333,200
/api/health,10.389,200
/api/health,7.404,200
/api/users,99.655,200
/api/products,60.639,200
/api/health,10.953,200
/api/health,12.332,404
/api/orders,180.072,200
/api/health,11.164,200
/api/health,4.192,200
/api/users,58.752,200
/api/search,81.972,200
/api/search,84.815,200
/api/users,50.659,200
/api/users,72.437,200
/api/users,74.069,200
/api/products,48.432,200
/api/products,73.337,200
/api/checkout,275.31,200
/api/products,65.719,200
/api/health,13.858,200
/api/users,74.672,200
/api/products,72.408,200
/api/health,9.134,200
/api/users,62.105,200
/api/search,108.218,200
/api/search,103.319,200
/api/health,11.12,200
/api/users,85.717,200
/api/products,46.484,200
/api/products,69.244,200
/api/health,5.991,200
/api/products,59.689,200
/api/checkout,222.081,200
/api/products,100.076,200
/api/users,34.174,200
/api/health,13.698,200
/api/products,63.364,200
/api/orders,151.501,200
/api/products,74.547,200
/api/orders,175.936,500
/api/users,84.462,200
/api/products,58.699,200
/api/search,91.583,200
/api/health,14.356,200
/api/checkout,95.089,200
/api/health,7.967,200
/api/orders,172.214,200
/api/products,47.531,200
/api/orders,107.925,200
/api/search,143.115,200
/api/health,12.331,200
/api/orders,226.918,200
/api/health,5.645,200
/api/health,10.091,200
/api/health,11.207,200
/api/products,66.116,200
/api/search,136.204,200
/api/products,51.72,200
/api/health,13.931,200
/api/products,63.071,200
/api/health,10.818,200
/api/products,53.065,200
/api/users,116.738,200
/api/products,53.129,200
/api/search,148.277,200
/api/search,125.815,200
/api/health,11.439,200
/api/search,96.801,500
/api/orders,157.811,200
/api/users,91.818,200
/api/users,103.823,200
/api/health,12.779,200
/api/health,9.516,200
/api/orders,79.391,200
/api/search,119.781,200
/api/products,54.299,200
/api/health,8.521,200
/api/products,59.463,200
/api/search,81.172,200
/api/health,13.794,200
/api/products,72.719,200
/api/health,8.778,200
/api/orders,153.144,200
/api/checkout,194.309,404
/api/users,50.463,200
/api/orders,213.111,200
/api/products,57.066,200
/api/products,47.167,200
/api/search,88.049,200
/api/products,26.358,200
/api/health,11.61,200
/api/search,101.936,200
/api/search,98.521,200
/api/users,96.275,200
/api/orders,165.119,200
/api/products,95.89,200
/api/search,103.007,200
/api/health,17.468,200
/api/users,109.899,200
/api/products,58.59,200
/api/health,7.677,200
/api/health,13.561,200
/api/health,12.681,200
/api/health,10.651,200
/api/checkout,237.837,200
/api/health,12.086,200
/api/products,64.175,200
/api/checkout,128.059,200
/api/checkout,173.341,200
/api/orders,183.597,200
/api/orders,144.344,200
/api/health,16.818,200
/api/users,62.237,200
/api/orders,165.002,200
/api/health,7.834,200
/api/health,3.818,200
/api/products,68.6,200
/api/products,59.05,200
/api/products,74.52,200
/api/orders,195.308,200
/api/search,158.318,200
/api/orders,230.35,200
/api/search,145.146,200
/api/checkout,193.283,200
/api/products,58.902,200
/api/search,106.753,200
/api/products,65.36,200
/api/search,149.309,200
/api/search,111.061,200
/api/search,150.702,200
/api/users,76.215,200
/api/orders,157.15,200
/api/orders,151.005,200
/api/health,7.457,200
/api/orders,101.205,200
/api/health,7.476,200
/api/checkout,185.919,500
/api/products,75.846,200
/api/products,22.259,200
/api/search,132.699,200
/api/orders,139.905,200
/api/products,58.562,200
/api/users,81.83,200
/api/products,46.653,200
/api/search,125.535,200
/api/health,3.746,200
/api/search,65.487,200
/api/health,9.281,200
/api/checkout,230.028,200
/api/products,44.725,200
/api/health,5.193,200
/api/orders,171.925,200
/api/health,5.377,200
/api/users,81.352,200
/api/products,56.361,200
/api/products,64.368,200
/api/orders,104.882,200
/api/products,39.744,200
/api/products,58.863,200
/api/health,4.576,200
/api/search,117.37,200
/api/checkout,191.163,200
/api/health,4.329,200
/api/checkout,245.485,200
/api/search,180.859,200
/api/products,55.263,200
/api/products,53.062,200
/api/health,4.493,404
/api/search,14.124,500
/api/health,7.688,200
/api/checkout,234.756,200
/api/search,123.725,500
/api/checkout,79.117,200
/api/users,72.562,200
/api/checkout,242.9,200
/api/products,42.455,200
/api/products,57.375,200
/api/products,81.324,200
/api/health,4.176,200
/api/search,115.169,200
/api/users,109.519,200
/api/search,101.501,200
/api/orders,157.697,200
/api/search,122.543,200
/api/products,72.128,200
/api/orders,129.736,200
/api/health,10.457,200
/api/products,64.973,200
/api/health,10.222,200
/api/products,60.367,200
/api/health,6.781,200
/api/health,10.077,200
/api/search,54.47,200
/api/orders,183.685,200
/api/search,96.449,200
/api/users,88.288,200
/api/orders,262.383,200
/api/checkout,221.415,200
/api/health,9.848,200
/api/orders,166.408,200
/api/search,93.925,200
/api/checkout,6012.709,200
/api/checkout,167.521,200
/api/products,49.527,200
/api/health,6.028,200
/api/products,50.485,200
/api/orders,107.296,200
/api/users,77.649,200
/api/products,52.725,200
/api/health,5.77,200
/api/products,73.114,200
/api/health,9.193,200
/api/health,7.317,200
/api/users,73.288,200
/api/users,81.441,200
/api/health,14.661,200
/api/health,9.4,200
/api/orders,107.714,200
/api/health,7.472,200
/api/users,73.429,200
/api/health,16.25,200
/api/health,11.71,200
/api/orders,152.138,200
/api/health,12.17,200
/api/checkout,165.893,200
/api/health,8.852,200
/api/search,116.114,200
/api/users,56.083,200
/api/health,11.584,200
/api/products,81.54,200
/api/products,35.671,200
/api/products,50.519,200
/api/search,142.302,200
/api/health,8.568,200
/api/health,9.711,200
/api/products,47.477,200
/api/users,74.96,200
/api/health,10.867,200
/api/products,60.969,200
/api/orders,85.163,200
/api/health,5.994,200
/api/products,71.489,200
/api/products,55.944,200
/api/health,12.208,404
/api/products,65.482,200
/api/products,53.662,200
/api/health,7.02,200
/api/health,9.38,200
/api/products,57.251,200
/api/health,8.857,200
/api/products,47.763,200
/api/checkout,186.603,200
/api/users,97.569,200
/api/search,164.093,500
/api/products,43.319,200
/api/products,59.2,200
/api/health,5.792,200
/api/health,4.711,200
/api/products,75.858,200
/api/health,9.526,200
/api/search,83.586,200
/api/health,11.837,200
/api/checkout,131.651,200
/api/search,112.435,404
/api/health,11.292,200
/api/health,8.546,200
/api/products,74.915,200
/api/users,76.95,200
/api/search,156.32,200
/api/health,6.217,200
/api/health,6.536,200
/api/health,6.012,200
/api/products,65.68,200
/api/health,9.465,200
/api/users,112.324,200
/api/products,79.922,200
/api/products,68.578,200
/api/health,8.797,200
/api/health,10.439,200
/api/products,64.552,200
/api/users,51.079,200
/api/checkout,243.983,200
/api/products,75.591,200
/api/health,5.646,200
/api/products,48.213,200
/api/products,53.587,200
/api/users,89.739,200
/api/health,7.383,200
/api/orders,122.234,200
/api/products,47.501,200
/api/users,67.205,200
/api/health,6.696,200
/api/products,47.058,200
/api/products,79.838,200
/api/search,108.956,200
/api/users,106.001,200
/api/users,54.967,200
/api/users,76.827,200
/api/search,108.424,200
/api/health,5.455,200
/api/users,96.072,200
/api/users,73.827,200
/api/products,75.99,200
/api/checkout,195.298,500
/api/search,122.428,200
/api/products,65.772,200
/api/health,12.86,200
/api/health,11.301,200
/api/products,51.971,200
/api/health,9.387,200
/api/products,71.56,200
/api/users,87.717,200
/api/users,93.312,200
/api/products,90.471,200
/api/products,61.631,200
/api/orders,86.078,200
/api/health,7.694,200
/api/health,11.906,200
/api/products,74.683,200
/api/health,12.977,200
/api/health,10.158,200
/api/health,11.755,200
/api/products,77.103,200
/api/users,112.036,200
/api/products,51.843,200
/api/health,13.675,200
/api/users,45.108,200
/api/health,8.476,200
/api/health,5.967,200
/api/products,59.317,200
/api/health,11.496,200
/api/products,33.496,200
/api/health,11.69,200
/api/health,11.862,200
/api/users,115.359,200
/api/users,78.774,200
/api/search,177.7,200
/api/health,3.915,200
/api/products,63.828,200
/api/checkout,118.892,500
/api/health,13.147,200
/api/products,66.277,200
/api/orders,120.856,200
/api/health,13.389,200
/api/health,10.31,200
/api/search,136.831,200
/api/health,12.565,200
/api/health,7.596,200
/api/products,53.981,200
/api/products,25.094,200
/api/checkout,6198.535,200
/api/users,80.002,200
/api/orders,161.529,500
/api/products,40.037,200
/api/users,85.274,200
/api/health,11.723,404
/api/users,114.547,200
/api/checkout,288.183,200
/api/health,12.692,200
/api/health,10.808,200
/api/search,137.764,200
/api/users,95.867,200
/api/health,15.122,200
/api/products,53.392,200
/api/checkout,180.719,200
/api/health,13.079,200
/api/health,9.193,200
/api/products,63.889,200
/api/users,50.731,200
/api/orders,181.104,200
/api/health,6.132,200
/api/health,7.184,200
/api/health,12.388,200
/api/products,48.503,200
/api/products,45.133,200
/api/products,34.458,200
/api/checkout,153.476,200
/api/users,91.082,200
/api/products,41.619,200
/api/health,7.115,200
/api/health,11.356,200
/api/products,51.202,200
/api/products,61.179,200
/api/health,15.782,200
/api/orders,141.425,200
/api/users,61.89,200
/api/search,139.389,200
/api/products,45.426,200
/api/products,61.607,200
/api/products,52.166,200
/api/orders,152.717,500
/api/products,68.315,200
/api/search,121.391,200
/api/orders,78.921,200
/api/products,44.321,200
/api/users,110.715,200
/api/products,84.001,200
/api/checkout,215.019,200
/api/products,65.382,200
/api/health,12.698,200
/api/health,9.84,200
/api/checkout,193.713,200
/api/health,9.179,200
/api/products,74.64,200
/api/health,17.234,200
/api/orders,110.6,200
/api/products,65.546,200
/api/users,59.287,500
/api/health,10.466,200
/api/health,8.253,200
/api/orders,175.64,200
/api/products,70.315,200
/api/health,14.813,200
/api/search,108.78,200
/api/users,76.909,404
/api/health,6.811,200
/api/users,70.014,200
/api/products,64.146,200
/api/checkout,185.267,200
/api/products,71.432,200
/api/health,14.455,200
/api/products,85.892,200
/api/health,13.725,200
/api/users,73.144,200
/api/search,146.409,200
/api/orders,186.585,200
/api/products,78.478,200
/api/search,34.49,404
/api/health,7.673,200
/api/users,88.782,200
/api/products,71.323,200
/api/orders,174.691,200
/api/health,10.626,200
/api/search,111.934,200
/api/users,73.311,200
/api/users,81.049,200
/api/orders,85.398,200
/api/users,91.653,200
/api/health,9.762,200
/api/health,3.18,200
/api/orders,146.365,200
/api/checkout,120.858,200
/api/health,12.198,200
/api/checkout,256.218,200
/api/products,58.215,200
/api/products,58.496,200
/api/users,70.612,200
/api/health,7.943,200
/api/health,14.873,200
/api/health,8.123,200
/api/products,55.322,404
/api/users,102.545,200
/api/products,72.287,200
/api/products,70.261,200
/api/health,12.941,200
/api/orders,105.84,200
/api/health,9.207,200
/api/users,54.071,200
/api/checkout,251.263,200
/api/products,26.474,200
/api/health,13.664,200
/api/products,71.09,200
/api/products,69.611,200
/api/products,49.108,200
/api/health,6.672,200
/api/users,47.955,200
/api/health,15.771,200
/api/health,15.925,200
/api/checkout,204.031,200
/api/products,47.805,200
/api/health,4.649,200
/api/health,11.092,200
/api/products,105.476,200
/api/products,59.513,200
/api/orders,103.407,200
/api/users,83.531,200
/api/checkout,4579.657,200
/api/products,53.034,500
/api/health,12.931,200
/api/users,79.664,200
/api/health,10.41,200
/api/users,81.331,500
/api/products,53.867,200
/api/users,114.415,200
/api/checkout,147.778,200
/api/users,75.891,200
/api/health,8.491,200
/api/users,37.359,200
/api/users,83.586,200
/api/search,174.701,200
/api/search,83.746,200
/api/products,49.589,200
/api/health,11.137,200
/api/search,141.151,200
/api/products,50.876,200
/api/users,69.41,200
/api/checkout,114.23,500
/api/search,85.227,200
/api/health,9.161,200
/api/search,112.67,200
/api/search,120.902,200
/api/health,7.208,200
/api/health,15.154,200
/api/orders,134.575,404
/api/checkout,218.79,200
/api/health,8.12,200
/api/checkout,231.38,200
/api/orders,163.66,200
/api/health,6.911,200
/api/products,49.459,200
/api/health,9.53,200
/api/products,57.99,200
/api/health,13.453,200
/api/users,70.317,200
/api/orders,152.817,200
/api/search,156.052,200
/api/products,57.444,200
/api/health,12.774,200
/api/products,67.567,200
/api/health,12.545,200
/api/checkout,174.435,200
/api/checkout,270.76,200
/api/health,8.513,200
/api/search,127.151,200
/api/checkout,137.533,200
/api/search,138.957,200
/api/products,73.682,200
/api/users,121.863,200
/api/users,57.334,200
/api/orders,130.264,200
/api/products,38.568,200
/api/users,94.039,200
/api/orders,112.391,200
/api/health,10.304,200
/api/health,10.061,200
/api/health,7.609,200
/api/orders,172.533,200
/api/health,10.05,200
/api/health,6.222,200
/api/search,126.974,200
/api/search,114.811,200
/api/health,8.539,200
/api/products,58.387,200
/api/search,143.685,200
/api/health,12.022,200
/api/users,79.026,200
/api/orders,109.493,200
/api/health,4.53,200
/api/orders,148.275,200
/api/products,68.322,404
/api/products,46.386,200
/api/users,39.93,200
/api/health,5.078,200
/api/search,133.552,200
/api/search,180.294,200
/api/users,88.793,200
/api/users,79.898,200
/api/products,80.296,200
/api/orders,141.203,200
/api/orders,127.348,200
/api/health,1.0,200
/api/health,10.097,200
/api/users,87.857,200
/api/products,66.747,200
/api/users,55.624,200
/api/users,87.331,200
/api/health,9.82,200
/api/search,108.878,200
/api/orders,218.244,200
/api/health,8.136,200
/api/products,51.997,200
/api/products,35.746,200
/api/health,5.309,200
/api/products,66.193,200
/api/search,141.842,200
/api/products,63.158,200
/api/products,46.447,200
/api/users,72.365,200
/api/health,16.155,200
/api/health,12.687,200
/api/users,76.303,200
/api/search,133.747,200
/api/checkout,149.984,200
/api/health,9.401,200
/api/products,83.178,200
/api/health,11.364,200
/api/search,110.069,200
/api/search,163.701,200
/api/health,8.406,200
/api/products,67.497,200
/api/search,109.496,200
/api/products,31.251,200
/api/products,56.406,200
/api/users,82.605,200
/api/search,148.435,200
/api/products,57.681,200
/api/search,113.519,200
/api/health,11.138,200
/api/products,62.311,200
/api/health,8.633,200
/api/checkout,168.258,200
/api/health,8.286,200
/api/health,10.569,200
/api/search,154.199,200
/api/products,64.094,200
/api/products,43.368,200
/api/search,154.996,200
/api/users,86.661,200
/api/health,4.151,200
/api/users,92.512,200
/api/search,110.147,200
/api/products,59.165,200
/api/products,63.262,200
/api/health,8.495,200
/api/health,10.942,200
/api/search,129.952,200
/api/users,82.158,200
/api/products,32.993,200
/api/health,9.55,200
/api/health,8.809,200
/api/orders,131.369,200
/api/search,116.067,200
/api/orders,150.08,200
/api/health,6.158,200
/api/products,68.584,200
/api/users,58.942,200
/api/users,73.318,200
/api/health,13.005,200
/api/health,18.132,200
/api/search,140.876,200
/api/search,84.124,200
/api/products,40.302,200
/api/health,13.019,200
/api/products,48.57,200
/api/search,113.228,200
/api/health,9.517,200
/api/users,76.41,200
/api/search,160.092,200
/api/health,8.37,200
/api/products,76.441,200
/api/users,91.616,200
/api/products,49.473,404
/api/health,5.885,200
/api/users,57.752,200
/api/products,77.004,200
/api/checkout,163.722,200
/api/products,64.484,200
/api/health,6.401,200
/api/orders,126.731,200
/api/products,54.701,200
/api/products,67.04,200
/api/health,12.158,200
/api/checkout,245.193,200
/api/orders,103.461,200
/api/search,64.943,200
/api/health,9.028,200
/api/search,78.348,200
/api/products,73.478,200
/api/products,65.097,200
/api/orders,87.313,200
/api/health,11.057,200
/api/products,75.414,200
/api/users,73.37,200
/api/checkout,212.0,200
/api/health,9.896,200
/api/health,11.516,200
/api/health,15.723,200
/api/search,104.568,200
/api/health,12.594,200
/api/health,11.921,200
/api/search,122.782,200
/api/health,5.108,200
/api/products,44.532,200
/api/users,75.263,200
/api/products,68.192,200
/api/orders,86.516,200
/api/products,61.892,200
/api/search,105.65,200
/api/health,9.35,200
/api/health,13.193,200
/api/health,8.494,200
/api/checkout,121.641,200
/api/health,5.655,200
/api/products,95.853,200
/api/users,72.84,200
/api/orders,158.412,200
/api/products,61.352,200
/api/health,14.579,200
/api/health,9.052,200
/api/search,128.685,200
/api/users,92.703,200
/api/users,82.557,500
/api/search,77.199,200
/api/users,63.252,200
/api/search,71.901,200
/api/search,86.117,200
/api/health,9.643,200
/api/products,58.018,200
/api/orders,82.506,200
/api/health,14.112,200
/api/checkout,254.142,200
/api/search,104.214,200
/api/checkout,162.301,404
/api/orders,121.026,200
/api/users,68.581,200
/api/users,78.03,200
/api/health,11.315,200
/api/health,13.022,200
/api/products,75.691,200
/api/checkout,201.473,200
/api/products,69.493,200
/api/search,151.97,200
/api/checkout,164.851,200
/api/checkout,201.516,200
/api/products,50.705,200
/api/checkout,155.951,200
/api/orders,120.959,200
/api/search,132.126,200
/api/users,48.368,200
/api/health,9.911,200
/api/health,15.968,200
/api/health,9.871,200
/api/health,13.974,200
/api/products,42.897,200
/api/health,13.375,200
/api/search,115.756,200
/api/search,123.01,200
/api/search,122.884,200
/api/products,89.169,200
/api/health,14.232,200
/api/users,121.54,200
/api/products,59.966,200
/api/health,10.681,200
/api/products,99.521,200
/api/products,57.673,200
/api/health,11.754,200
/api/users,63.197,200
/api/products,34.813,200
/api/search,96.349,200
/api/products,82.352,200
/api/products,58.256,404
/api/health,13.331,200
/api/products,52.719,200
/api/products,37.97,200
/api/health,8.093,200
/api/users,93.012,200
/api/products,97.077,200
/api/search,126.434,200
/api/users,79.185,200
/api/products,73.045,200
/api/orders,174.252,200
/api/health,8.765,200
/api/search,159.833,500
/api/checkout,120.296,200
/api/products,57.161,404
/api/health,10.506,200
/api/orders,171.285,200
/api/search,117.464,200
/api/health,11.569,200
/api/checkout,239.237,200
/api/products,67.652,200
/api/health,12.33,200
/api/products,67.968,200
/api/orders,134.318,200
/api/users,56.56,200
/api/health,11.451,200
/api/products,69.929,200
/api/products,43.709,200
/api/orders,118.896,200
/api/users,56.301,200
/api/checkout,6410.563,200
/api/health,15.273,200
/api/health,14.858,200
/api/users,73.302,200
/api/products,77.007,200
/api/search,122.888,200
/api/search,113.915,200
/api/health,9.276,200
/api/products,74.65,200
/api/products,84.861,200
/api/health,12.982,200
/api/products,65.003,200
/api/health,12.549,200
/api/health,8.395,200
/api/products,84.605,200
/api/users,73.607,200
/api/health,16.281,200
/api/users,77.324,200
/api/orders,185.122,500
/api/orders,92.321,200
/api/search,149.539,200
/api/users,106.748,200
/api/products,53.309,200
/api/checkout,295.564,200
/api/search,105.699,404
/api/health,5.794,200
/api/products,36.001,200
/api/health,7.92,200
/api/products,68.706,200
/api/health,10.109,200
/api/health,7.334,200
/api/products,71.652,200
/api/search,142.477,200
/api/checkout,183.76,200
/api/search,185.638,200
/api/orders,123.745,200
/api/search,121.055,200
/api/search,135.144,200
/api/health,9.627,200
/api/search,161.519,200
/api/products,49.499,404
/api/health,9.514,200
/api/checkout,201.546,200
/api/products,38.902,200
/api/search,140.602,200
/api/search,97.412,200
/api/health,7.037,200
/api/search,158.264,200
/api/products,94.495,200
/api/health,11.149,200
/api/health,7.606,200
/api/health,12.035,200
/api/products,80.881,200
/api/products,69.469,200
/api/search,118.218,200
/api/health,9.58,200
/api/users,90.601,200
/api/orders,124.607,200
/api/products,88.396,200
/api/orders,175.609,200
/api/users,89.494,200
/api/checkout,159.661,200
/api/users,109.43,404
/api/users,71.693,200
/api/users,95.017,200
/api/health,11.7,200
/api/health,9.067,200
/api/products,69.714,200
/api/products,47.386,200
/api/users,95.009,200
/api/checkout,252.091,200
/api/orders,180.861,200
/api/health,5.735,200
/api/users,92.175,200
/api/health,11.383,200
/api/health,9.05,200
/api/products,63.734,200
/api/users,100.254,200
/api/users,75.897,200
/api/health,12.283,200
/api/checkout,326.374,200
/api/products,58.92,200
/api/users,86.33,200
/api/orders,164.581,200
/api/search,126.637,200
/api/users,122.585,200
/api/search,108.895,200
/api/users,101.277,200
/api/health,11.77,200
/api/health,9.317,200
/api/products,59.325,200
/api/search,132.155,200
/api/health,3.324,200
/api/health,6.519,200
/api/search,122.876,200
/api/search,73.131,200
/api/products,47.206,200
/api/health,12.974,200
/api/health,16.053,200
/api/users,72.635,200
/api/users,94.989,200
/api/orders,197.941,200
/api/products,71.548,200
/api/orders,96.465,200
/api/users,103.548,200
/api/health,9.421,200
/api/products,60.242,200
/api/products,17.077,200
/api/products,60.199,200
/api/search,109.639,500
/api/users,62.814,200
/api/health,11.802,200
/api/orders,155.657,200
/api/products,41.849,200
/api/search,135.857,200
/api/products,72.594,200
/api/health,11.231,200
/api/products,71.232,200
/api/search,120.251,200
/api/products,59.36,200
/api/health,5.589,200
/api/users,58.829,200
/api/products,81.525,200
/api/users,71.781,200
/api/products,60.691,200
/api/health,10.141,200
/api/products,74.516,200
/api/health,11.471,200
/api/health,19.54,200
/api/products,62.184,200
/api/health,13.674,200
/api/users,55.511,200
/api/orders,147.803,200
/api/health,8.514,200
/api/products,54.095,200
/api/products,71.252,200
/api/health,8.443,200
/api/health,9.016,200
/api/orders,168.102,200
/api/products,74.541,200
/api/products,46.653,200
/api/users,83.936,200
/api/products,94.095,200
/api/products,50.978,200
/api/users,106.579,200
/api/search,121.715,200
/api/health,8.177,200
/api/orders,91.856,500
/api/health,9.714,200
/api/orders,160.392,200
/api/products,64.218,200
/api/health,6.816,200
/api/health,4.869,200
/api/orders,161.278,200
/api/search,147.809,200
/api/users,86.27,404
/api/health,10.218,200
/api/orders,134.648,200
/api/users,80.656,200
/api/health,7.519,200
/api/users,33.798,200
/api/health,13.078,200
/api/products,62.118,200
/api/health,8.69,200
/api/health,15.984,200
/api/search,138.073,200
/api/orders,87.099,200
/api/products,49.815,200
/api/health,5.709,200
/api/search,98.546,200
/api/health,9.814,404
/api/products,75.985,200
/api/search,104.714,200
/api/products,75.963,200
/api/search,105.492,200
/api/health,8.408,200
/api/products,79.303,200
/api/users,70.826,200
/api/products,78.987,200
/api/products,50.347,200
/api/health,10.363,200
/api/search,165.238,500
/api/health,11.934,200
/api/products,52.938,200
/api/health,14.506,200
/api/products,78.493,200
/api/orders,170.122,200
/api/search,147.594,200
/api/users,103.106,200
/api/users,100.055,200
/api/checkout,136.96,200
/api/products,87.464,200
/api/health,15.425,200
/api/health,14.929,200
/api/search,97.395,200
/api/health,10.862,200
/api/products,46.234,200
/api/health,11.207,200
/api/health,15.726,200
/api/search,102.72,200
/api/products,35.102,200
/api/products,45.647,200
/api/health,13.109,200
/api/users,111.467,200
/api/health,19.624,200
/api/products,68.568,200
/api/users,105.985,500
/api/products,34.12,200
/api/search,148.352,200
/api/users,88.921,200
/api/users,73.219,200
/api/health,10.616,200
/api/products,50.153,404
/api/search,106.556,200
/api/health,10.227,200
/api/health,10.406,200
/api/health,5.59,200
/api/search,156.071,200
/api/search,137.99,200
/api/health,5.966,200
/api/health,7.265,200
/api/health,8.399,200
/api/search,153.81,200
/api/health,12.594,200
/api/users,83.53,200
/api/orders,128.725,200
/api/users,61.611,200
/api/products,44.76,200
/api/search,132.052,200
/api/search,116.996,200
/api/search,156.849,200
/api/users,108.664,200
/api/health,9.118,200
/api/products,71.375,200
/api/health,19.306,200
/api/health,12.829,200
/api/products,78.572,200
/api/search,138.142,200
/api/checkout,194.583,200
/api/products,63.847,200
/api/products,52.952,200
/api/health,9.255,200
/api/search,114.954,200
/api/health,8.311,200
/api/health,6.897,200
/api/health,10.413,200
/api/health,8.306,200
/api/users,74.683,200
/api/orders,117.21,404
/api/search,140.535,200
/api/search,122.35,200
/api/health,8.815,200
/api/users,60.055,200
/api/products,68.158,200
/api/health,12.995,200
/api/orders,195.094,200
/api/products,37.007,200
/api/search,138.178,200
/api/health,10.022,200
/api/health,9.975,200
/api/products,78.232,200
/api/health,9.165,200
/api/search,97.824,200
/api/health,10.688,200
/api/users,101.32,200
/api/health,10.474,200
/api/health,11.751,200
/api/health,10.733,200
/api/products,66.324,200
/api/orders,168.001,200
/api/products,46.688,200
/api/checkout,235.717,200
/api/products,64.567,200
/api/health,7.514,200
/api/health,8.556,200
/api/health,5.141,200
/api/products,33.581,200
/api/health,9.392,200
/api/health,13.978,200
/api/orders,128.488,200
/api/products,47.142,200
/api/search,65.366,200
/api/products,27.112,200
/api/products,78.735,200
/api/checkout,139.833,200
/api/products,46.781,200
/api/users,81.388,200
/api/health,17.615,200
/api/health,14.124,200
/api/health,12.114,200
/api/health,8.958,404
/api/users,87.699,200
/api/orders,58.971,500
/api/health,9.936,200
/api/products,67.673,200
/api/health,11.636,200
/api/users,90.646,200
/api/health,11.682,200
/api/health,11.149,200
/api/health,7.877,200
/api/checkout,106.597,200
/api/checkout,163.469,200
/api/orders,179.189,200
/api/products,58.124,200
/api/products,62.744,200
/api/products,35.714,200
/api/checkout,151.304,200
/api/products,59.886,200
/api/users,63.725,200
/api/search,82.93,200
/api/health,7.317,200
/api/products,44.728,200
/api/users,90.863,200
/api/health,12.147,200
/api/health,9.001,200
/api/health,12.486,200
/api/health,13.046,200
/api/health,13.598,200
/api/search,106.308,200
/api/checkout,183.298,200
/api/orders,94.542,200
/api/products,64.534,200
/api/users,88.255,200
/api/users,86.573,200
/api/orders,145.233,200
/api/health,10.839,200
/api/users,89.079,200
/api/products,67.399,200
/api/products,51.942,404
/api/health,6.657,200
/api/health,10.238,200
/api/products,62.766,200
/api/products,64.584,200
/api/users,37.054,200
/api/orders,125.016,200
/api/orders,126.653,200
/api/search,119.06,200
/api/orders,149.482,200
/api/products,65.946,200
/api/products,48.956,200
/api/health,9.974,200
/api/health,11.587,200
/api/search,126.5,200
/api/products,87.248,404
/api/health,8.055,200
/api/products,83.631,200
/api/health,9.357,200
/api/search,169.186,200
/api/health,12.973,200
/api/health,6.745,200
/api/health,10.656,200
/api/orders,159.918,200
/api/search,96.75,200
/api/orders,112.379,200
/api/health,7.888,200
/api/health,8.356,200
/api/orders,135.855,200
/api/users,66.761,200
/api/products,59.971,200
/api/health,13.639,200
/api/products,72.23,200
/api/search,129.9,200
/api/orders,175.152,200
/api/users,69.634,200
/api/health,11.899,200
/api/health,6.985,200
/api/products,34.328,200
/api/products,50.337,200
/api/products,58.285,200
/api/users,84.388,200
/api/users,96.77,200
/api/products,68.87,404
/api/users,86.976,200
/api/products,62.125,200
/api/products,56.403,200
/api/products,105.893,200
/api/users,78.661,200
/api/checkout,7687.685,200
/api/search,102.414,200
/api/health,10.492,200
/api/health,5.244,200
/api/users,114.879,200
/api/products,24.417,200
/api/products,53.043,200
/api/health,4.876,200
/api/health,13.915,200
/api/health,11.04,200
/api/products,52.882,200
/api/orders,108.771,200
/api/orders,182.368,200
/api/users,70.593,200
/api/health,11.115,200
/api/health,4.715,200
/api/health,9.197,200
/api/checkout,103.131,200
/api/search,86.196,200
/api/products,85.236,200
/api/health,13.219,200
/api/products,75.421,200
/api/orders,185.714,200
/api/search,153.865,200
/api/users,70.57,200
/api/search,136.318,200
/api/users,52.356,200
/api/health,1.0,200
/api/orders,56.985,200
/api/products,54.429,200
/api/products,45.877,200
/api/search,128.273,500
/api/health,11.417,200
/api/users,48.559,200
/api/products,89.264,200
/api/checkout,161.375,200
/api/products,54.789,200
/api/users,86.087,200
/api/users,77.184,200
/api/health,12.63,200
/api/products,49.648,200
/api/products,61.514,200
/api/products,55.192,200
/api/health,2.178,200
/api/orders,53.436,200
/api/products,78.995,200
/api/health,12.492,200
/api/health,9.287,200
/api/search,83.244,200
/api/health,10.297,200
/api/search,62.913,200
/api/products,44.837,200
/api/health,11.694,200
/api/users,71.433,200
/api/search,118.88,200
/api/health,9.976,200
/api/health,10.448,200
/api/health,6.99,200
/api/products,53.953,200
/api/search,113.615,200
/api/products,61.856,200
/api/health,10.072,200
/api/search,110.205,200
/api/users,64.117,200
/api/health,10.675,200
/api/health,9.106,200
/api/health,15.022,200
/api/health,5.388,200
/api/products,63.243,200
/api/health,14.712,200
/api/search,102.826,200
/api/products,42.013,200
/api/health,10.05,200
/api/products,85.602,200
/api/orders,117.87,200
/api/health,6.03,200
/api/health,9.591,200
/api/checkout,195.713,200
/api/health,12.313,200
/api/checkout,6494.301,200
/api/products,30.395,200
/api/health,12.564,200
/api/products,69.363,200
/api/health,7.355,200
/api/health,11.28,200
/api/users,109.266,200
/api/health,11.608,200
/api/products,50.333,200
/api/users,84.658,200
/api/products,49.537,200
/api/checkout,179.57,500
/api/products,65.384,200
/api/users,99.996,200
/api/users,38.735,200
/api/health,5.466,200
/api/health,11.431,200
/api/orders,94.722,200
/api/health,1.0,200
/api/users,97.588,200
/api/health,11.473,200
/api/health,13.006,200
/api/health,7.994,200
/api/orders,194.78,200
/api/search,103.998,200
/api/users,46.253,200
/api/users,61.468,200
/api/health,11.99,200
/api/search,174.141,200
/api/health,13.888,200
/api/search,102.486,200
/api/health,12.012,200
/api/health,8.551,200
/api/health,12.782,200
/api/checkout,13.371,200
/api/orders,103.997,200
/api/health,13.467,200
/api/products,63.651,200
/api/products,58.95,200
/api/products,67.429,200
/api/health,13.351,200
/api/users,107.072,200
/api/products,51.779,200
/api/health,10.494,200
/api/users,57.161,500
/api/health,6.835,200
/api/health,8.059,200
/api/checkout,160.975,200
/api/health,9.539,200
/api/products,67.843,200
/api/products,66.982,200
/api/checkout,199.14,500
/api/search,104.635,200
/api/health,12.436,200
/api/health,4.459,200
/api/products,53.371,200
/api/health,15.011,200
/api/search,120.942,200
/api/products,60.138,200
/api/health,11.728,200
/api/search,94.689,200
/api/health,4.655,200
/api/health,11.138,404
/api/products,83.06,200
/api/health,8.232,200
/api/orders,162.834,200
/api/products,50.066,200
/api/search,116.596,200
/api/health,7.019,200
/api/search,129.118,200
/api/checkout,274.436,200
/api/search,124.177,200
/api/users,52.466,200
/api/users,83.171,500
/api/health,15.069,200
/api/orders,226.116,500
/api/products,47.737,200
/api/health,13.565,200
/api/search,65.823,200
/api/health,10.436,200
/api/products,70.89,200
/api/health,10.015,200
/api/products,41.844,200
/api/search,89.653,200
/api/health,10.532,404
/api/users,126.553,200
/api/health,4.432,200
/api/users,59.726,200
/api/health,12.342,200
/api/health,9.435,200
/api/checkout,253.99,200
/api/products,80.987,200
/api/search,118.404,200
/api/health,2.936,200
/api/health,9.745,200
/api/health,13.407,200
/api/products,44.704,200
/api/users,95.647,200
/api/checkout,230.316,200
/api/health,12.965,200
/api/health,10.688,200
/api/health,14.956,200
/api/checkout,318.619,200
/api/health,9.236,200
/api/users,75.237,200
/api/health,7.388,200
/api/health,12.349,200
/api/orders,146.427,200
/api/products,63.176,200
/api/health,13.374,200
/api/users,119.935,200
/api/health,11.458,200
/api/health,9.961,200
/api/products,63.587,200
/api/users,56.434,200
/api/orders,161.323,200
/api/health,4.798,200
/api/health,3.393,200
/api/orders,210.655,200
/api/health,4.425,200
/api/users,68.117,200
/api/orders,185.824,200
/api/users,81.81,200
/api/orders,159.473,200
/api/health,15.024,200
/api/health,8.361,200
/api/products,71.094,200
/api/health,9.091,200
/api/search,114.059,200
/api/products,76.374,200
/api/search,97.784,200
/api/products,83.248,200
/api/users,109.229,200
/api/products,78.896,200
/api/products,56.793,200
/api/health,10.588,200
/api/checkout,218.067,200
/api/users,80.437,200
/api/orders,56.228,500
/api/health,9.224,200
/api/users,98.811,200
/api/users,82.849,200
/api/checkout,189.688,200
/api/users,118.745,200
/api/users,53.956,200
/api/products,70.14,200
/api/products,93.16,200
/api/users,62.935,200
/api/products,51.222,404
/api/users,44.845,200
/api/health,11.705,200
/api/products,45.834,200
/api/health,9.7,200
/api/products,71.718,200
/api/checkout,248.795,200
/api/search,125.828,200
/api/search,188.412,200
/api/health,9.095,200
/api/health,10.155,200
/api/health,3.37,200
/api/search,141.449,200
/api/health,12.547,200
/api/checkout,148.71,200
/api/products,73.407,200
/api/products,57.702,200
/api/orders,93.129,200
/api/health,9.712,200
/api/products,47.32,200
/api/users,88.688,200
/api/health,9.387,200
/api/health,11.313,200
/api/products,77.401,200
/api/health,15.133,200
/api/users,86.312,200
/api/users,73.025,200
/api/search,85.689,200
/api/health,17.605,200
/api/health,12.297,200
/api/orders,202.481,500
/api/users,87.137,200
/api/health,15.686,200
/api/products,46.272,200
/api/health,9.91,200
/api/health,9.519,200
/api/health,10.733,200
/api/search,66.239,200
/api/health,4.941,200
/api/users,78.864,200
/api/checkout,200.715,500
/api/search,127.129,200
/api/health,10.529,200
/api/health,11.316,200
/api/checkout,142.275,200
/api/products,76.36,200
/api/checkout,201.894,200
/api/products,58.682,200
/api/products,45.107,200
/api/products,32.364,200
/api/products,88.319,200
/api/health,6.387,200
/api/users,77.5,200
/api/health,9.088,200
/api/users,87.309,200
/api/users,83.707,200
/api/orders,65.712,200
/api/orders,131.862,200
/api/users,67.222,200
/api/orders,119.592,200
/api/users,97.277,200
/api/health,14.318,200
/api/products,80.527,200
/api/search,115.694,200
/api/orders,204.325,500
/api/health,11.135,200
/api/products,59.085,200
/api/products,57.673,200
/api/users,66.577,200
/api/users,84.472,200
/api/users,61.0,200
/api/products,51.211,200
/api/health,9.475,200
/api/health,6.967,404
/api/products,62.636,500
/api/health,13.051,200
/api/health,14.317,200
/api/health,14.583,200
/api/checkout,213.564,200
/api/products,67.63,200
/api/health,10.225,200
/api/search,145.518,200
/api/orders,141.531,200
/api/health,8.826,200
/api/products,56.02,200
/api/health,10.719,200
/api/orders,145.225,200
/api/products,60.062,200
/api/health,9.298,200
/api/users,46.343,200
/api/search,163.898,200
/api/orders,171.452,200
/api/users,71.534,500
/api/orders,196.782,200
/api/health,7.976,200
/api/users,89.603,200
/api/checkout,322.228,200
/api/users,77.049,200
/api/products,60.547,200
/api/health,14.251,200
/api/health,11.807,200
/api/health,9.504,200
/api/orders,209.096,200
/api/health,13.038,200
/api/health,11.064,200
/api/users,66.69,200
/api/health,12.392,200
/api/users,38.997,200
/api/products,81.353,200
/api/health,5.221,200
/api/users,97.16,200
/api/health,9.88,200
/api/health,15.436,200
/api/health,8.202,200
/api/users,96.763,200
/api/orders,158.427,200
/api/health,13.442,200
/api/health,5.063,200
/api/orders,154.454,200
/api/orders,140.635,200
/api/products,47.659,200
/api/health,7.101,200
/api/users,61.941,200
/api/users,138.101,200
/api/products,60.301,200
/api/health,11.527,200
/api/users,101.344,200
/api/products,48.672,200
/api/health,14.312,200
/api/products,60.618,200
/api/search,104.899,500
/api/health,8.165,200
/api/users,98.566,200
/api/health,8.334,200
/api/orders,182.365,200
/api/health,9.026,200
/api/search,129.282,200
/api/health,10.672,200
/api/health,11.312,200
/api/orders,97.528,200
/api/users,85.525,200
/api/users,66.917,200
/api/health,8.694,200
/api/health,9.87,200
/api/users,87.035,200
/api/orders,125.242,200
/api/health,17.711,200
/api/users,58.605,200
/api/orders,140.542,200
/api/users,56.569,200
/api/health,9.611,200
/api/products,64.057,200
/api/health,15.434,200
/api/health,15.754,200
/api/health,7.468,200
/api/health,10.223,200
/api/search,98.944,200
/api/users,102.292,200
/api/products,54.397,200
/api/orders,244.984,200
/api/search,123.671,200
/api/health,5.913,200
/api/health,9.435,200
/api/health,10.483,200
/api/products,75.293,200
/api/users,72.739,200
/api/health,9.939,200
/api/products,62.087,200
/api/health,6.01,200
/api/checkout,232.561,200
/api/health,11.012,200
/api/users,73.215,200
/api/orders,178.479,200
/api/users,90.423,200
/api/users,47.974,200
/api/health,8.646,200
/api/health,9.164,200
/api/checkout,140.648,200
/api/search,147.452,200
/api/orders,122.053,200
/api/products,38.063,200
/api/users,83.255,200
/api/products,59.747,500
/api/search,141.264,200
/api/health,6.021,200
/api/products,77.945,200
/api/users,58.312,200
/api/health,13.397,200
/api/users,96.836,200
/api/health,9.803,200
/api/health,12.78,200
/api/search,90.994,200
/api/health,7.24,200
/api/search,118.374,200
/api/users,62.939,200
/api/health,9.821,200
/api/health,9.378,200
/api/health,6.244,200
/api/orders,184.922,200
/api/users,95.547,200
/api/checkout,251.984,200
/api/users,51.745,200
/api/products,56.048,200
/api/products,68.296,200
/api/health,8.389,200
/api/health,8.344,200
/api/health,10.438,200
/api/products,56.106,200
/api/health,12.351,200
/api/orders,191.893,200
/api/users,94.865,200
/api/products,72.29,200
/api/orders,99.279,200
/api/search,103.831,200
/api/products,66.337,200
/api/products,79.349,200
/api/products,57.053,200
/api/users,97.136,200
/api/orders,142.854,200
/api/users,85.407,200
/api/products,71.812,200
/api/products,55.325,200
/api/products,72.356,200
/api/users,86.954,200
/api/products,59.539,200
/api/search,185.441,200
/api/products,68.349,200
/api/products,74.557,200
/api/health,12.076,200
/api/products,49.955,200
/api/health,5.659,200
/api/products,87.632,200
/api/checkout,134.75,200
/api/products,35.035,200
/api/search,81.378,200
/api/users,73.813,404
/api/products,57.498,200
/api/products,30.587,200
/api/health,9.064,200
/api/health,9.685,200
/api/search,101.785,200
/api/health,11.803,200
/api/users,75.556,200
/api/products,61.724,200
/api/products,55.393,200
/api/products,78.266,200
/api/products,68.831,200
/api/products,61.977,200
/api/products,82.194,200
/api/orders,117.621,200
/api/search,142.521,200
/api/health,1.664,200
/api/health,9.805,200
/api/health,9.38,200
/api/health,8.46,200
/api/products,40.964,200
/api/products,53.085,200
/api/products,47.011,200
/api/search,159.272,200
/api/health,6.004,200
/api/checkout,312.853,200
/api/health,6.564,200
/api/health,12.925,200
/api/health,10.031,200
/api/orders,149.318,200
/api/users,70.9,200
/api/users,63.51,200
/api/search,105.198,200
/api/orders,100.038,200
/api/users,93.308,200
/api/search,139.066,200
/api/products,50.084,200
/api/health,9.31,200
/api/health,16.293,200
/api/health,12.692,200
/api/products,40.471,200
/api/products,51.593,200
/api/users,90.762,200
/api/orders,149.093,200
/api/checkout,197.614,200
/api/users,50.099,200
/api/health,9.583,200
/api/health,10.709,200
/api/products,60.425,200
/api/products,42.993,200
/api/health,5.247,200
/api/search,79.402,200
/api/health,8.545,200
/api/products,49.999,404
/api/products,52.256,200
/api/products,59.114,200
/api/health,10.398,200
/api/health,6.05,200
/api/checkout,196.052,200
/api/products,57.544,200
/api/products,47.638,200
/api/health,12.134,200
/api/products,51.87,200
/api/orders,148.767,500
/api/users,65.418,200
/api/orders,145.473,200
/api/search,79.08,200
/api/products,85.911,200
/api/health,8.322,200
/api/health,9.058,200
/api/products,61.417,200
/api/products,58.681,200
/api/health,7.015,200
/api/products,69.964,200
/api/health,14.843,200
/api/products,33.354,404
/api/products,91.151,200
/api/health,9.485,200
/api/products,41.109,200
/api/users,85.354,200
/api/search,110.065,200
/api/products,91.603,200
/api/orders,80.491,200
/api/search,145.675,200
/api/health,7.802,200
/api/users,89.431,200
/api/users,93.81,200
/api/health,16.399,200
/api/users,82.765,200
/api/health,6.559,200
/api/health,9.837,200
/api/search,180.261,200
/api/users,95.203,200
/api/products,78.977,200
/api/health,8.015,200
/api/health,7.389,200
/api/orders,151.177,200
/api/health,9.003,200
/api/products,43.896,200
/api/health,15.346,200
/api/products,71.534,200
/api/search,104.975,200
/api/health,6.162,200
/api/products,63.64,200
/api/users,77.721,200
/api/health,13.766,200
/api/health,8.945,200
/api/health,12.231,200
/api/products,28.725,200
/api/products,58.291,200
/api/products,65.898,200
/api/health,7.264,200
/api/health,6.409,200
/api/health,9.983,200
/api/orders,165.539,200
/api/orders,143.442,200
/api/users,66.435,200
/api/products,74.061,200
/api/checkout,148.988,200
/api/products,74.703,200
/api/orders,159.544,200
/api/users,81.443,200
/api/users,106.554,200
/api/checkout,140.781,200
/api/health,14.471,200
/api/search,171.95,200
/api/users,88.931,200
/api/health,4.012,200
/api/orders,129.34,200
/api/health,11.393,200
/api/checkout,296.382,404
/api/users,95.556,200
/api/health,10.729,200
/api/users,57.791,200
/api/products,45.459,200
/api/products,86.29,200
/api/products,50.536,200
/api/search,144.157,200
/api/search,164.638,200
/api/search,154.773,200
/api/products,54.033,200
/api/health,10.011,200
/api/health,10.336,200
/api/checkout,171.74,500
/api/products,51.347,200
/api/health,10.716,200
/api/products,53.502,200
/api/users,43.372,200
/api/health,5.636,200
/api/checkout,6197.08,200
/api/users,55.669,200
/api/orders,162.912,200
/api/products,49.856,200
/api/products,92.38,200
/api/search,111.24,200
/api/search,126.292,500
/api/checkout,5098.742,200
/api/health,6.616,200
/api/checkout,4221.944,200
/api/health,10.095,200
/api/users,84.688,200
/api/search,126.206,200
/api/products,54.042,200
/api/checkout,110.113,200
/api/orders,162.376,200
/api/health,6.635,200
/api/health,8.069,200
/api/health,7.11,200
/api/health,12.65,200
/api/products,45.271,200
/api/search,128.8,200
/api/products,62.183,200
/api/checkout,247.104,200
/api/health,7.312,200
/api/products,66.903,200
/api/products,59.701,200
/api/search,108.818,200
/api/products,82.101,200
/api/checkout,198.954,200
/api/users,70.274,200
/api/search,113.21,200
/api/orders,155.597,200
/api/products,67.28,200
/api/orders,124.42,200
/api/products,51.35,200
/api/products,64.916,200
/api/users,88.606,200
/api/orders,139.564,200
/api/products,62.429,200
/api/products,74.315,200
/api/orders,107.132,200
/api/orders,122.877,200
/api/health,12.972,200
/api/checkout,250.77,200
/api/products,64.641,200
/api/health,7.043,200
/api/products,46.428,200
/api/search,76.555,200
/api/users,84.654,200
/api/orders,94.093,200
/api/search,86.517,200
/api/health,7.582,200
/api/products,45.742,200
/api/health,8.712,200
/api/products,64.361,200
/api/users,75.213,200
/api/orders,188.953,200
/api/search,135.935,200
/api/search,61.201,404
/api/search,151.436,200
/api/orders,266.57,200
/api/users,96.888,200
/api/users,81.063,200
/api/health,12.155,200
/api/users,97.429,200
/api/products,66.593,200
/api/products,68.117,200
/api/orders,193.968,200
/api/products,70.134,200
/api/products,72.531,200
/api/users,40.979,200
/api/products,70.329,200
/api/health,13.946,200
/api/search,133.652,200
/api/health,12.272,200
/api/products,47.598,200
/api/products,38.38,200
/api/orders,145.894,200
/api/checkout,155.747,200
/api/health,10.154,200
/api/health,11.641,200
/api/health,14.1,200
/api/health,12.605,200
/api/products,51.219,200
/api/orders,124.865,200
/api/users,85.782,200
/api/products,87.331,200
/api/health,7.843,200
/api/health,10.308,200
/api/health,10.921,200
/api/products,51.964,200
/api/products,44.52,200
/api/products,47.527,404
/api/health,11.932,200
/api/health,7.824,200
/api/products,90.31,200
/api/health,10.723,200
/api/users,65.907,200
/api/health,17.338,200
/api/health,10.175,200
/api/users,79.001,500
/api/orders,122.152,200
/api/users,102.579,200
/api/search,194.263,200
/api/orders,169.949,200
/api/health,11.82,200
/api/products,58.169,200
/api/health,9.197,200
/api/health,10.97,200
/api/orders,137.393,200
/api/search,133.639,200
/api/checkout,272.025,200
/api/search,97.538,200
/api/users,54.252,200
/api/orders,144.229,200
/api/products,53.294,200
/api/health,5.882,200
/api/users,78.924,200
/api/checkout,117.314,500
/api/orders,170.323,200
/api/health,17.716,200
/api/search,132.571,200
/api/products,40.906,200
/api/orders,87.318,200
/api/search,100.435,200
/api/checkout,111.965,200
/api/health,10.875,200
/api/health,14.353,200
/api/users,56.225,200
/api/search,105.671,200
/api/health,9.481,200
/api/products,28.512,200
/api/search,139.24,200
/api/users,114.473,200
/api/products,61.013,200
/api/products,32.856,200
/api/orders,89.973,200
/api/orders,187.711,200
/api/users,106.12,200
/api/users,49.323,404
/api/health,8.995,200
/api/search,165.071,200
/api/products,55.062,200
/api/search,120.099,200
/api/search,120.952,200
/api/health,7.896,200
/api/products,57.654,200
/api/health,12.386,200
/api/health,13.445,200
/api/products,72.648,200
/api/users,87.375,200
/api/search,80.694,200
/api/orders,143.184,500
/api/orders,141.849,200
/api/search,134.505,200
/api/search,161.873,200
/api/products,53.004,200
/api/products,75.685,200
/api/health,13.475,200
/api/orders,105.143,200
/api/users,84.565,200
/api/health,11.988,200
/api/checkout,6022.935,200
/api/health,11.169,200
/api/search,112.785,200
/api/health,11.523,200
/api/health,12.814,200
/api/checkout,172.843,200
/api/health,13.565,200
/api/products,49.754,200
/api/users,60.758,200
/api/products,77.224,200
/api/search,161.9,200
/api/health,6.536,200
/api/orders,173.096,200
/api/search,126.096,200
/api/products,76.506,200
/api/products,59.615,200
/api/products,84.411,200
/api/search,142.317,500
/api/products,75.79,200
/api/search,114.369,200
/api/products,40.167,200
/api/search,93.136,200
/api/search,173.946,200
/api/checkout,153.131,200
/api/users,60.698,200
/api/checkout,138.921,200
/api/products,63.67,200
/api/search,120.831,500
/api/search,116.013,200
/api/products,47.586,200
/api/health,14.43,200
/api/health,6.74,200
/api/health,7.792,200
/api/users,87.995,200
/api/search,110.273,200
/api/health,10.524,200
/api/users,60.263,200
/api/users,94.75,200
/api/products,82.519,200
/api/products,29.329,200
/api/checkout,273.637,200
/api/orders,156.482,200
/api/orders,141.293,500
/api/checkout,86.609,200
/api/health,10.133,200
/api/health,5.497,200
/api/users,72.125,200
/api/products,42.456,200
/api/health,13.354,200
/api/search,123.821,200
/api/checkout,58.551,200
/api/health,9.736,200
/api/search,112.185,200
/api/users,119.02,200
/api/health,9.89,200
/api/products,51.944,200
/api/health,7.851,200
/api/products,74.939,200
/api/search,120.534,200
/api/orders,137.506,200
/api/health,5.549,200
/api/search,120.473,200
/api/checkout,4644.769,200
/api/users,84.643,200
/api/checkout,263.585,200
/api/products,74.809,200
/api/health,4.544,200
/api/health,14.277,200
/api/health,6.541,200
/api/health,8.306,200
/api/orders,151.862,200
/api/search,144.342,200
/api/health,9.94,200
/api/health,8.456,200
/api/search,114.157,200
/api/health,6.324,200
/api/users,62.969,200
/api/health,5.732,200
/api/checkout,180.044,200
/api/search,128.639,200
/api/users,67.758,500
/api/products,63.527,200
/api/health,11.071,200
/api/products,63.407,200
/api/health,10.609,200
/api/search,127.522,200
/api/search,140.908,200
/api/orders,91.155,200
/api/checkout,5104.985,500
/api/health,13.304,200
/api/users,83.665,200
/api/products,62.695,200
/api/orders,131.779,200
/api/health,13.404,200
/api/health,9.295,200
/api/health,12.66,200
/api/users,72.108,200
/api/search,90.39,200
/api/health,13.332,200
/api/users,28.667,200
/api/orders,162.553,200
/api/users,76.408,200
/api/users,84.4,200
/api/users,81.812,200
/api/products,83.635,200
/api/health,9.966,200
/api/products,51.499,200
/api/checkout,146.034,500
/api/checkout,277.031,200
/api/search,162.014,200
/api/checkout,211.248,200
/api/search,122.868,200
/api/products,41.034,200
/api/checkout,268.476,200
/api/health,7.749,200
/api/checkout,133.872,200
/api/products,37.167,200
/api/products,65.107,200
/api/health,8.761,200
/api/orders,180.474,200
/api/users,59.2,200
/api/health,10.5,200
/api/orders,138.776,200
/api/checkout,296.053,200
/api/products,82.94,200
/api/search,160.733,200
/api/health,11.631,200
/api/products,79.927,200
/api/health,12.194,200
/api/products,58.878,200
/api/search,111.469,200
/api/checkout,272.34,200
/api/health,15.143,200
/api/orders,90.316,200
/api/orders,197.656,200
/api/products,45.065,200
/api/users,66.052,200
/api/orders,193.114,200
/api/products,95.397,200
/api/products,42.925,200
/api/orders,128.608,200
/api/products,54.906,200
/api/checkout,204.235,200
/api/products,33.975,200
/api/health,12.276,200
/api/health,8.011,200
/api/products,71.286,200
/api/products,48.236,200
/api/products,40.18,200
/api/health,15.307,200
/api/products,36.434,200
/api/health,8.307,200
/api/products,60.67,200
/api/checkout,221.013,200
/api/products,48.808,200
/api/search,143.02,200
/api/search,136.685,200
/api/checkout,148.999,200
/api/products,81.993,200
/api/orders,96.128,200
/api/health,9.901,200
/api/products,60.59,200
/api/health,6.46,200
/api/health,14.936,200
/api/health,6.395,200
/api/health,15.444,200
/api/checkout,272.705,200
/api/products,73.08,200
/api/health,15.995,200
/api/products,78.111,200
/api/orders,40.013,200
/api/checkout,176.799,200
/api/health,7.044,200
/api/search,52.689,200
/api/health,7.563,200
/api/checkout,233.562,500
/api/health,8.565,404
/api/users,51.058,200
/api/products,78.568,200
/api/orders,204.554,200
/api/health,13.767,200
/api/products,58.054,200
/api/products,77.677,200
/api/search,80.169,500
/api/health,16.862,200
/api/products,32.148,200
/api/users,63.135,200
/api/users,70.564,500
/api/search,109.986,200
/api/products,54.358,200
/api/users,84.584,200
/api/search,140.242,200
/api/search,128.952,200
/api/products,77.684,200
/api/health,6.89,200
/api/products,62.989,200
/api/health,13.078,200
/api/products,47.02,200
/api/products,72.534,200
/api/health,9.242,200
/api/health,9.841,200
/api/health,3.533,200
/api/health,11.977,200
/api/products,55.894,200
/api/checkout,226.482,200
/api/health,12.592,200
/api/orders,163.198,200
/api/search,116.47,200
/api/orders,102.952,200
/api/health,13.862,200
/api/users,86.751,200
/api/health,3.527,200
/api/health,11.338,200
/api/search,64.112,500
/api/health,12.896,200
/api/checkout,5177.292,500
/api/users,112.085,200
/api/health,12.348,200
/api/users,78.617,200
/api/checkout,83.162,200
/api/users,81.087,200
/api/health,15.143,200
/api/products,90.199,200
/api/products,96.874,200
/api/products,63.116,200
/api/health,13.68,200
/api/health,9.752,200
/api/products,87.619,200
/api/products,55.599,200
/api/health,6.059,200
/api/users,94.225,200
/api/health,12.764,200
/api/products,69.581,200
/api/users,74.275,200
/api/users,70.846,200
/api/health,8.447,200
/api/orders,176.849,200
/api/health,11.717,200
/api/orders,98.186,200
/api/products,79.299,200
/api/products,53.842,200
/api/users,86.24,200
/api/health,15.845,200
/api/health,15.118,200
/api/products,67.047,200
/api/products,81.464,200
/api/users,83.204,200
/api/products,70.59,200
/api/health,5.053,200
/api/products,69.599,200
/api/health,9.888,200
/api/users,108.15,200
/api/users,65.495,200
/api/products,48.353,200
/api/health,17.694,200
/api/health,14.84,200
/api/orders,199.137,200
/api/products,59.866,200
/api/products,57.357,200
/api/health,8.09,200
/api/products,64.303,200
/api/search,90.331,200
/api/products,68.2,200
/api/health,7.773,200
/api/health,5.818,200
/api/users,92.32,200
/api/orders,218.398,200
/api/health,10.922,200
/api/products,53.232,200
/api/search,110.371,200
/api/products,81.149,404
/api/health,14.113,200
/api/products,48.739,200
/api/search,111.652,200
/api/health,10.86,200
/api/search,168.981,200
/api/health,7.022,200
/api/users,78.115,200
/api/health,11.409,200
/api/health,10.61,200
/api/orders,143.879,200
/api/health,12.113,200
/api/products,31.574,200
/api/health,8.213,200
/api/search,134.96,200
/api/health,9.678,200
/api/orders,213.618,200
/api/products,58.939,200
/api/search,133.454,200
/api/products,70.977,200
/api/health,9.898,200
/api/orders,145.802,200
/api/search,121.086,200
/api/health,11.867,200
/api/search,147.8,200
/api/users,113.019,500
/api/health,9.986,200
/api/products,58.376,200
/api/health,4.385,200
/api/health,10.961,200
/api/health,9.213,200
/api/products,57.301,200
/api/users,92.383,200
/api/search,92.556,200
/api/orders,152.931,200
/api/health,11.709,200
/api/users,66.381,200
/api/users,79.483,500
/api/products,49.583,200
/api/health,10.533,200
/api/products,68.133,200
/api/products,58.372,200
/api/health,14.495,200
/api/search,146.207,200
/api/products,50.024,200
/api/health,11.833,200
/api/orders,119.02,200
/api/checkout,234.837,200
/api/users,72.204,200
/api/search,171.702,200
/api/search,124.586,200
/api/health,7.375,200
/api/products,49.922,200
/api/users,110.225,200
/api/products,60.108,200
/api/users,74.136,200
/api/health,8.612,200
/api/checkout,40.987,200
/api/search,144.784,200
/api/products,81.54,200
/api/products,66.005,200
/api/products,32.347,200
/api/products,45.253,200
/api/search,119.212,200
